{"cameraMode":{"drawMode":0,"name":"Shaded","section":"Shading Mode"},"sceneLighting":false,"audioPlay":false,"sceneViewState":{"showFog":true,"showMaterialUpdate":false,"showSkybox":false,"showFlares":true,"showImageEffects":true,"showParticleSystems":true},"in2DMode":false,"pivot":{"x":-1.6713731288909913,"y":0.7580667734146118,"z":1.6967304944992066},"rotation":{"x":0.09044948220252991,"y":-0.6666752696037293,"z":0.08200942724943161,"w":0.7352829575538635},"size":3.2097976207733156,"orthographic":false}