{"cameraMode":{"drawMode":0,"name":"Shaded","section":"Shading Mode"},"sceneLighting":false,"audioPlay":false,"sceneViewState":{"showFog":true,"showMaterialUpdate":false,"showSkybox":false,"showFlares":true,"showImageEffects":true,"showParticleSystems":true},"in2DMode":false,"pivot":{"x":-1.2304350137710572,"y":-0.41934630274772646,"z":0.652502179145813},"rotation":{"x":-0.1234266459941864,"y":0.6783730387687683,"z":-0.11714579910039902,"w":-0.714743971824646},"size":0.9904767870903015,"orthographic":false}