{"cameraMode":{"drawMode":0,"name":"Shaded","section":"Shading Mode"},"sceneLighting":false,"audioPlay":false,"sceneViewState":{"showFog":true,"showMaterialUpdate":false,"showSkybox":false,"showFlares":true,"showImageEffects":true,"showParticleSystems":true},"in2DMode":false,"pivot":{"x":-11.380000114440918,"y":39.313907623291019,"z":90.26072692871094},"rotation":{"x":-0.007995855994522572,"y":0.9863390922546387,"z":-0.15664584934711457,"w":-0.05034700036048889},"size":10.0,"orthographic":false}