{"cameraMode":{"drawMode":0,"name":"Shaded","section":"Shading Mode"},"sceneLighting":false,"audioPlay":false,"sceneViewState":{"showFog":true,"showMaterialUpdate":false,"showSkybox":false,"showFlares":true,"showImageEffects":true,"showParticleSystems":true},"in2DMode":false,"pivot":{"x":357.238037109375,"y":710.9281005859375,"z":-0.550048828125},"rotation":{"x":-0.22779153287410737,"y":-0.0023396173492074014,"z":0.0005473801866173744,"w":-0.9737079739570618},"size":217.71426391601563,"orthographic":false}