{"cameraMode":{"drawMode":0,"name":"Shaded","section":"Shading Mode"},"sceneLighting":false,"audioPlay":false,"sceneViewState":{"showFog":true,"showMaterialUpdate":false,"showSkybox":true,"showFlares":true,"showImageEffects":true,"showParticleSystems":true},"in2DMode":false,"pivot":{"x":-5.445559024810791,"y":4.019028663635254,"z":3.880136489868164},"rotation":{"x":-0.27950072288513186,"y":-0.11287519335746765,"z":0.03310719504952431,"w":-0.952913761138916},"size":4.796431541442871,"orthographic":false}