{"cameraMode":{"drawMode":0,"name":"Shaded","section":"Shading Mode"},"sceneLighting":false,"audioPlay":false,"sceneViewState":{"showFog":true,"showMaterialUpdate":false,"showSkybox":false,"showFlares":true,"showImageEffects":true,"showParticleSystems":true},"in2DMode":false,"pivot":{"x":8.888195037841797,"y":-25.37979507446289,"z":-71.57587432861328},"rotation":{"x":0.3038182556629181,"y":0.6878754496574402,"z":-0.39733877778053286,"w":0.5259731411933899},"size":37.442256927490237,"orthographic":false}