{"cameraMode":{"drawMode":0,"name":"Shaded","section":"Shading Mode"},"sceneLighting":false,"audioPlay":false,"sceneViewState":{"showFog":true,"showMaterialUpdate":false,"showSkybox":false,"showFlares":true,"showImageEffects":true,"showParticleSystems":true},"in2DMode":false,"pivot":{"x":1.1535059213638306,"y":-0.41109728813171389,"z":4.967625617980957},"rotation":{"x":-0.007995855994522572,"y":0.9863390922546387,"z":-0.15664584934711457,"w":-0.05034700036048889},"size":3.6073946952819826,"orthographic":false}