{"cameraMode":{"drawMode":0,"name":"Shaded","section":"Shading Mode"},"sceneLighting":false,"audioPlay":false,"sceneViewState":{"showFog":true,"showMaterialUpdate":false,"showSkybox":false,"showFlares":true,"showImageEffects":true,"showParticleSystems":true},"in2DMode":false,"pivot":{"x":37.00729751586914,"y":-0.04931044578552246,"z":0.024119853973388673},"rotation":{"x":0.3038182556629181,"y":0.6878754496574402,"z":-0.39733877778053286,"w":0.5259731411933899},"size":38.11347198486328,"orthographic":false}