{"cameraMode":{"drawMode":0,"name":"Shaded","section":"Shading Mode"},"sceneLighting":false,"audioPlay":false,"sceneViewState":{"showFog":true,"showMaterialUpdate":false,"showSkybox":false,"showFlares":true,"showImageEffects":true,"showParticleSystems":true},"in2DMode":false,"pivot":{"x":154.00245666503907,"y":-17.72833251953125,"z":-34.2398681640625},"rotation":{"x":0.3038182556629181,"y":0.6878754496574402,"z":-0.39733877778053286,"w":0.5259731411933899},"size":45.012290954589847,"orthographic":false}